{"trial_id": "05", "hyperparameters": {"space": [{"class_name": "Int", "config": {"name": "units_1", "default": null, "conditions": [], "min_value": 32, "max_value": 128, "step": 32, "sampling": "linear"}}, {"class_name": "Float", "config": {"name": "dropout_1", "default": 0.1, "conditions": [], "min_value": 0.1, "max_value": 0.5, "step": 0.1, "sampling": "linear"}}, {"class_name": "Int", "config": {"name": "units_2", "default": null, "conditions": [], "min_value": 16, "max_value": 64, "step": 16, "sampling": "linear"}}, {"class_name": "Float", "config": {"name": "dropout_2", "default": 0.1, "conditions": [], "min_value": 0.1, "max_value": 0.5, "step": 0.1, "sampling": "linear"}}], "values": {"units_1": 64, "dropout_1": 0.5, "units_2": 16, "dropout_2": 0.4}}, "metrics": {"metrics": {"accuracy": {"direction": "max", "observations": [{"value": [0.8244996070861816], "step": 15}]}, "loss": {"direction": "min", "observations": [{"value": [0.4343111217021942], "step": 15}]}, "val_accuracy": {"direction": "max", "observations": [{"value": [0.8375333547592163], "step": 15}]}, "val_loss": {"direction": "min", "observations": [{"value": [0.4082198441028595], "step": 15}]}}}, "score": 0.8375333547592163, "best_step": 15, "status": "COMPLETED", "message": null}