{"trial_id": "04", "hyperparameters": {"space": [{"class_name": "Int", "config": {"name": "units_1", "default": null, "conditions": [], "min_value": 32, "max_value": 128, "step": 32, "sampling": "linear"}}, {"class_name": "Float", "config": {"name": "dropout_1", "default": 0.1, "conditions": [], "min_value": 0.1, "max_value": 0.5, "step": 0.1, "sampling": "linear"}}, {"class_name": "Int", "config": {"name": "units_2", "default": null, "conditions": [], "min_value": 16, "max_value": 64, "step": 16, "sampling": "linear"}}, {"class_name": "Float", "config": {"name": "dropout_2", "default": 0.1, "conditions": [], "min_value": 0.1, "max_value": 0.5, "step": 0.1, "sampling": "linear"}}], "values": {"units_1": 128, "dropout_1": 0.2, "units_2": 32, "dropout_2": 0.1}}, "metrics": {"metrics": {"accuracy": {"direction": "max", "observations": [{"value": [0.8534470200538635], "step": 18}]}, "loss": {"direction": "min", "observations": [{"value": [0.3550798296928406], "step": 18}]}, "val_accuracy": {"direction": "max", "observations": [{"value": [0.8553216457366943], "step": 18}]}, "val_loss": {"direction": "min", "observations": [{"value": [0.3545931279659271], "step": 18}]}}}, "score": 0.8553216457366943, "best_step": 18, "status": "COMPLETED", "message": null}