{"trial_id": "09", "hyperparameters": {"space": [{"class_name": "Int", "config": {"name": "units_1", "default": null, "conditions": [], "min_value": 32, "max_value": 128, "step": 32, "sampling": "linear"}}, {"class_name": "Float", "config": {"name": "dropout_1", "default": 0.1, "conditions": [], "min_value": 0.1, "max_value": 0.5, "step": 0.1, "sampling": "linear"}}, {"class_name": "Int", "config": {"name": "units_2", "default": null, "conditions": [], "min_value": 16, "max_value": 64, "step": 16, "sampling": "linear"}}, {"class_name": "Float", "config": {"name": "dropout_2", "default": 0.1, "conditions": [], "min_value": 0.1, "max_value": 0.5, "step": 0.1, "sampling": "linear"}}], "values": {"units_1": 96, "dropout_1": 0.1, "units_2": 32, "dropout_2": 0.30000000000000004}}, "metrics": {"metrics": {"accuracy": {"direction": "max", "observations": [{"value": [0.8466641902923584], "step": 19}]}, "loss": {"direction": "min", "observations": [{"value": [0.3734036087989807], "step": 19}]}, "val_accuracy": {"direction": "max", "observations": [{"value": [0.8606581687927246], "step": 19}]}, "val_loss": {"direction": "min", "observations": [{"value": [0.3554374873638153], "step": 19}]}}}, "score": 0.8606581687927246, "best_step": 19, "status": "COMPLETED", "message": null}