{"ongoing_trials": {}, "hyperparameters": {"space": [{"class_name": "Int", "config": {"name": "units_1", "default": null, "conditions": [], "min_value": 32, "max_value": 128, "step": 32, "sampling": "linear"}}, {"class_name": "Float", "config": {"name": "dropout_1", "default": 0.1, "conditions": [], "min_value": 0.1, "max_value": 0.5, "step": 0.1, "sampling": "linear"}}, {"class_name": "Int", "config": {"name": "units_2", "default": null, "conditions": [], "min_value": 16, "max_value": 64, "step": 16, "sampling": "linear"}}, {"class_name": "Float", "config": {"name": "dropout_2", "default": 0.1, "conditions": [], "min_value": 0.1, "max_value": 0.5, "step": 0.1, "sampling": "linear"}}], "values": {"units_1": 32, "dropout_1": 0.1, "units_2": 16, "dropout_2": 0.1}}, "start_order": ["00", "01", "02", "03", "04", "05", "06", "07", "08", "09"], "end_order": ["00", "01", "02", "03", "04", "05", "06", "07", "08", "09"], "run_times": {"00": 1, "01": 1, "02": 1, "03": 1, "04": 1, "05": 1, "06": 1, "07": 1, "08": 1, "09": 1}, "retry_queue": [], "seed": 5263, "seed_state": 5303, "tried_so_far": ["0e7587112ec89610e9738d2370a78814", "6f98f197f8a9a3983e7a5de46b8004ec", "4db757fab72e794ba5dd2a1f01653baa", "8e8c5f71136c117be584b45972fd3640", "92e9dc557a5644277d87cbb91bd8117f", "dce627c83180e17b880b2c95d530ea93", "d3f42a454408420ad8d867a21818d2c2", "641e6151f41418e7f20cd9c39ec875a2", "1c179a3a15a7a9a7ea3e7789aa14f40a", "904439707c8b03501618e0d6c3e6fa0a"], "id_to_hash": {"00": "6f98f197f8a9a3983e7a5de46b8004ec", "01": "8e8c5f71136c117be584b45972fd3640", "02": "4db757fab72e794ba5dd2a1f01653baa", "03": "dce627c83180e17b880b2c95d530ea93", "04": "d3f42a454408420ad8d867a21818d2c2", "05": "1c179a3a15a7a9a7ea3e7789aa14f40a", "06": "0e7587112ec89610e9738d2370a78814", "07": "904439707c8b03501618e0d6c3e6fa0a", "08": "92e9dc557a5644277d87cbb91bd8117f", "09": "641e6151f41418e7f20cd9c39ec875a2"}, "display": {"search_start": "2025-01-10T13:16:54.799637", "trial_start": {"00": "2025-01-10T13:16:54.799637", "01": "2025-01-10T13:25:56.701857", "02": "2025-01-10T13:33:53.448729", "03": "2025-01-10T13:38:40.512942", "04": "2025-01-10T13:47:22.128611", "05": "2025-01-10T13:55:34.982154", "06": "2025-01-10T14:00:39.373688", "07": "2025-01-10T14:08:55.250583", "08": "2025-01-10T14:17:05.592754", "09": "2025-01-10T14:24:33.671379"}, "trial_number": {"00": 1, "01": 2, "02": 3, "03": 4, "04": 5, "05": 6, "06": 7, "07": 8, "08": 9, "09": 10}}}