{"ongoing_trials": {}, "hyperparameters": {"space": [{"class_name": "Int", "config": {"name": "units", "default": null, "conditions": [], "min_value": 32, "max_value": 128, "step": 32, "sampling": "linear"}}, {"class_name": "Float", "config": {"name": "dropout", "default": 0.2, "conditions": [], "min_value": 0.2, "max_value": 0.5, "step": 0.1, "sampling": "linear"}}, {"class_name": "Int", "config": {"name": "units_2", "default": null, "conditions": [], "min_value": 32, "max_value": 128, "step": 32, "sampling": "linear"}}, {"class_name": "Float", "config": {"name": "dropout_2", "default": 0.2, "conditions": [], "min_value": 0.2, "max_value": 0.5, "step": 0.1, "sampling": "linear"}}], "values": {"units": 32, "dropout": 0.2, "units_2": 32, "dropout_2": 0.2}}, "start_order": ["0", "1", "2", "3", "4"], "end_order": ["0", "1", "2", "3", "4"], "run_times": {"0": 1, "1": 1, "2": 1, "3": 1, "4": 1}, "retry_queue": [], "seed": 33, "seed_state": 53, "tried_so_far": ["da014196772f5dac48e39f6b35f16c42", "41866e744081645a49745c96b7c30c33", "931ee67c8e79eec8df706b9cc609cc06", "2907f18d92da18767fd09d488e041826", "6cf380009cb024c36872488ce79ac5c1"], "id_to_hash": {"0": "da014196772f5dac48e39f6b35f16c42", "1": "931ee67c8e79eec8df706b9cc609cc06", "2": "2907f18d92da18767fd09d488e041826", "3": "41866e744081645a49745c96b7c30c33", "4": "6cf380009cb024c36872488ce79ac5c1"}, "display": {"search_start": "2024-12-20T18:46:49.779447", "trial_start": {"0": "2024-12-20T18:46:49.779447", "1": "2024-12-20T18:55:54.217391", "2": "2024-12-20T19:01:30.681453", "3": "2024-12-20T19:04:43.387277", "4": "2024-12-20T19:09:22.596391"}, "trial_number": {"0": 1, "1": 2, "2": 3, "3": 4, "4": 5}}}