{"trial_id": "02", "hyperparameters": {"space": [{"class_name": "Int", "config": {"name": "units_1", "default": null, "conditions": [], "min_value": 32, "max_value": 128, "step": 32, "sampling": "linear"}}, {"class_name": "Float", "config": {"name": "dropout_1", "default": 0.1, "conditions": [], "min_value": 0.1, "max_value": 0.5, "step": 0.1, "sampling": "linear"}}, {"class_name": "Int", "config": {"name": "units_2", "default": null, "conditions": [], "min_value": 16, "max_value": 64, "step": 16, "sampling": "linear"}}, {"class_name": "Float", "config": {"name": "dropout_2", "default": 0.1, "conditions": [], "min_value": 0.1, "max_value": 0.5, "step": 0.1, "sampling": "linear"}}], "values": {"units_1": 32, "dropout_1": 0.2, "units_2": 16, "dropout_2": 0.1}}, "metrics": {"metrics": {"accuracy": {"direction": "max", "observations": [{"value": [0.8317272067070007], "step": 14}]}, "loss": {"direction": "min", "observations": [{"value": [0.4141542315483093], "step": 14}]}, "val_accuracy": {"direction": "max", "observations": [{"value": [0.8406463265419006], "step": 14}]}, "val_loss": {"direction": "min", "observations": [{"value": [0.4026299715042114], "step": 14}]}}}, "score": 0.8406463265419006, "best_step": 14, "status": "COMPLETED", "message": null}