{"trial_id": "2", "hyperparameters": {"space": [{"class_name": "Int", "config": {"name": "units", "default": null, "conditions": [], "min_value": 32, "max_value": 128, "step": 32, "sampling": "linear"}}, {"class_name": "Float", "config": {"name": "dropout", "default": 0.2, "conditions": [], "min_value": 0.2, "max_value": 0.5, "step": 0.1, "sampling": "linear"}}, {"class_name": "Int", "config": {"name": "units_2", "default": null, "conditions": [], "min_value": 32, "max_value": 128, "step": 32, "sampling": "linear"}}, {"class_name": "Float", "config": {"name": "dropout_2", "default": 0.2, "conditions": [], "min_value": 0.2, "max_value": 0.5, "step": 0.1, "sampling": "linear"}}], "values": {"units": 64, "dropout": 0.30000000000000004, "units_2": 32, "dropout_2": 0.30000000000000004}}, "metrics": {"metrics": {"accuracy": {"direction": "max", "observations": [{"value": [0.8204225301742554], "step": 9}]}, "loss": {"direction": "min", "observations": [{"value": [0.43986985087394714], "step": 9}]}, "val_accuracy": {"direction": "max", "observations": [{"value": [0.8264156579971313], "step": 9}]}, "val_loss": {"direction": "min", "observations": [{"value": [0.42828261852264404], "step": 9}]}}}, "score": 0.8264156579971313, "best_step": 9, "status": "COMPLETED", "message": null}