{"ongoing_trials": {"tuner0": "0002"}, "hyperparameters": {"space": [{"class_name": "Int", "config": {"name": "units_1", "default": null, "conditions": [], "min_value": 32, "max_value": 128, "step": 32, "sampling": "linear"}}, {"class_name": "Float", "config": {"name": "dropout_1", "default": 0.2, "conditions": [], "min_value": 0.2, "max_value": 0.5, "step": 0.1, "sampling": "linear"}}, {"class_name": "Int", "config": {"name": "units_2", "default": null, "conditions": [], "min_value": 32, "max_value": 64, "step": 16, "sampling": "linear"}}, {"class_name": "Float", "config": {"name": "dropout_2", "default": 0.2, "conditions": [], "min_value": 0.2, "max_value": 0.5, "step": 0.1, "sampling": "linear"}}], "values": {"units_1": 32, "dropout_1": 0.2, "units_2": 32, "dropout_2": 0.2}}, "start_order": ["0000", "0001", "0002"], "end_order": ["0000", "0001"], "run_times": {"0000": 1, "0001": 1}, "retry_queue": [], "seed": 2225, "seed_state": 2237, "tried_so_far": ["2d211d32fb084609a45a2fa69e5e5761", "86dd3cd295519c2d4290540e5e0eb09c", "5360bc8ff04076f9f218a434ec381192"], "id_to_hash": {"0000": "86dd3cd295519c2d4290540e5e0eb09c", "0001": "2d211d32fb084609a45a2fa69e5e5761", "0002": "5360bc8ff04076f9f218a434ec381192"}, "display": {"search_start": "2024-12-20T20:24:23.928026", "trial_start": {"0000": "2024-12-20T20:24:23.928026", "0001": "2024-12-20T20:24:25.445558"}, "trial_number": {"0000": 1, "0001": 2}}, "hyperband_iterations": 1, "max_epochs": 10, "min_epochs": 1, "factor": 3, "brackets": [{"bracket_num": 2, "rounds": [[{"past_id": null, "id": "0000"}, {"past_id": null, "id": "0001"}, {"past_id": null, "id": "0002"}], [], []]}], "current_bracket": 2, "current_iteration": 0}