{"trial_id": "4", "hyperparameters": {"space": [{"class_name": "Int", "config": {"name": "units", "default": null, "conditions": [], "min_value": 32, "max_value": 128, "step": 32, "sampling": "linear"}}, {"class_name": "Float", "config": {"name": "dropout", "default": 0.2, "conditions": [], "min_value": 0.2, "max_value": 0.5, "step": 0.1, "sampling": "linear"}}, {"class_name": "Int", "config": {"name": "units_2", "default": null, "conditions": [], "min_value": 32, "max_value": 128, "step": 32, "sampling": "linear"}}, {"class_name": "Float", "config": {"name": "dropout_2", "default": 0.2, "conditions": [], "min_value": 0.2, "max_value": 0.5, "step": 0.1, "sampling": "linear"}}], "values": {"units": 32, "dropout": 0.30000000000000004, "units_2": 32, "dropout_2": 0.4}}, "metrics": {"metrics": {"accuracy": {"direction": "max", "observations": [{"value": [0.8062268495559692], "step": 8}]}, "loss": {"direction": "min", "observations": [{"value": [0.46899959444999695], "step": 8}]}, "val_accuracy": {"direction": "max", "observations": [{"value": [0.8133708834648132], "step": 8}]}, "val_loss": {"direction": "min", "observations": [{"value": [0.44742658734321594], "step": 8}]}}}, "score": 0.8133708834648132, "best_step": 8, "status": "COMPLETED", "message": null}