{"trial_id": "08", "hyperparameters": {"space": [{"class_name": "Int", "config": {"name": "units_1", "default": null, "conditions": [], "min_value": 32, "max_value": 128, "step": 32, "sampling": "linear"}}, {"class_name": "Float", "config": {"name": "dropout_1", "default": 0.1, "conditions": [], "min_value": 0.1, "max_value": 0.5, "step": 0.1, "sampling": "linear"}}, {"class_name": "Int", "config": {"name": "units_2", "default": null, "conditions": [], "min_value": 16, "max_value": 64, "step": 16, "sampling": "linear"}}, {"class_name": "Float", "config": {"name": "dropout_2", "default": 0.1, "conditions": [], "min_value": 0.1, "max_value": 0.5, "step": 0.1, "sampling": "linear"}}], "values": {"units_1": 128, "dropout_1": 0.2, "units_2": 16, "dropout_2": 0.4}}, "metrics": {"metrics": {"accuracy": {"direction": "max", "observations": [{"value": [0.844588577747345], "step": 18}]}, "loss": {"direction": "min", "observations": [{"value": [0.39233097434043884], "step": 18}]}, "val_accuracy": {"direction": "max", "observations": [{"value": [0.8486510515213013], "step": 18}]}, "val_loss": {"direction": "min", "observations": [{"value": [0.3711032569408417], "step": 18}]}}}, "score": 0.8486510515213013, "best_step": 18, "status": "COMPLETED", "message": null}