{"trial_id": "06", "hyperparameters": {"space": [{"class_name": "Int", "config": {"name": "units_1", "default": null, "conditions": [], "min_value": 32, "max_value": 128, "step": 32, "sampling": "linear"}}, {"class_name": "Float", "config": {"name": "dropout_1", "default": 0.1, "conditions": [], "min_value": 0.1, "max_value": 0.5, "step": 0.1, "sampling": "linear"}}, {"class_name": "Int", "config": {"name": "units_2", "default": null, "conditions": [], "min_value": 16, "max_value": 64, "step": 16, "sampling": "linear"}}, {"class_name": "Float", "config": {"name": "dropout_2", "default": 0.1, "conditions": [], "min_value": 0.1, "max_value": 0.5, "step": 0.1, "sampling": "linear"}}], "values": {"units_1": 128, "dropout_1": 0.4, "units_2": 48, "dropout_2": 0.4}}, "metrics": {"metrics": {"accuracy": {"direction": "max", "observations": [{"value": [0.8461452722549438], "step": 18}]}, "loss": {"direction": "min", "observations": [{"value": [0.376130610704422], "step": 18}]}, "val_accuracy": {"direction": "max", "observations": [{"value": [0.8492439985275269], "step": 18}]}, "val_loss": {"direction": "min", "observations": [{"value": [0.37417861819267273], "step": 18}]}}}, "score": 0.8492439985275269, "best_step": 18, "status": "COMPLETED", "message": null}