{"trial_id": "3", "hyperparameters": {"space": [{"class_name": "Int", "config": {"name": "units", "default": null, "conditions": [], "min_value": 32, "max_value": 128, "step": 32, "sampling": "linear"}}, {"class_name": "Float", "config": {"name": "dropout", "default": 0.2, "conditions": [], "min_value": 0.2, "max_value": 0.5, "step": 0.1, "sampling": "linear"}}, {"class_name": "Int", "config": {"name": "units_2", "default": null, "conditions": [], "min_value": 32, "max_value": 128, "step": 32, "sampling": "linear"}}, {"class_name": "Float", "config": {"name": "dropout_2", "default": 0.2, "conditions": [], "min_value": 0.2, "max_value": 0.5, "step": 0.1, "sampling": "linear"}}], "values": {"units": 64, "dropout": 0.4, "units_2": 64, "dropout_2": 0.30000000000000004}}, "metrics": {"metrics": {"accuracy": {"direction": "max", "observations": [{"value": [0.8163454532623291], "step": 7}]}, "loss": {"direction": "min", "observations": [{"value": [0.4418099820613861], "step": 7}]}, "val_accuracy": {"direction": "max", "observations": [{"value": [0.8235991597175598], "step": 7}]}, "val_loss": {"direction": "min", "observations": [{"value": [0.43121644854545593], "step": 7}]}}}, "score": 0.8235991597175598, "best_step": 7, "status": "COMPLETED", "message": null}